SKU,Product Name
"65MR6DE","Hisense 65 inch GoBoard Advanced Interactive Display"
"AS6810T","Asustor Lockerstor 10 Bay Gen 3 NAS Enclosure"
"AS6808T","Asustor Lockerstor 8 Bay Gen 3 NAS Enclosure"
"PDCBP9000","INANI BP9000E DOT MATRIX PRINTER"
"DHI-LCH86-MC410-B-S2","Dahua 86 Inch 4K UHD Interactive Smart Whiteboard Screen"
"98P8K","TCL 98 Inch QLED P8K 144Hz Google TV"
"98C655","TCL 98 inch C655 Series QLED Pro UHD Google Smart TV"
"PET150SPL4","Dell EMC PowerEdge Intel Xeon T150 Tower Server"
"UX5406SA-OU71610G0X","Asus Zenbook S 14 UX5406 Ultra 7 Professional Laptop"
"P5405CSA-U516512G0X","ASUS ExpertBook P5 P5405CSA Core Ultra 5 Business Laptop"
"75QNED82A","LG 75 Inch QNED evo AI 4K MiniLED Smart TV"
"TP3407SA-OU71610G0W","Asus Vivobook 14 Flip TP3407 Intel Core Ultra 7 Laptop"
"65QNED86A","LG 65 Inch QNED evo AI MiniLED 4K Smart TV"
"PL1HE","Hisense PL1HE 100-inch Laser TV 4K Projector"
"BTO107-QCS1250-EMEA","Dell Pro QCS1250 Intel Core Ultra 5 Professional AI Desktop"
"PV15250RPLU007PRO","Dell Pro 15 Essential PV15250 Intel Core i7 Professional Laptop"
"UA85DU8000D","Samsung 85 Inch 4K UHD Smart LED TV"
"UM3402YA-78512B0W","ASUS Zenbook 14  OLED  UM3402YA-78512B0W Ryzen 7 Ultrabook"
"ECT1250RPLSR003","Dell Tower ECT1250 Intel Core I5 Professional Desktop"
"S3407QA-Q1610S0W","Asus Vivobook S14 S3407QA Snapdragon X Laptop"
"65QNED82A6A","LG 65 Inch 4K Gen8 QNED UHD Smart TV"
"998M2ET","HP Pro 400 G9 Intel Core I5 Professional Mini Desktop"
"85A6N","Hisense 85 inch A6N Series Direct LED UHD Smart TV"
"PV15250-RPLU-001P","Dell Pro 15 Essential PV15250 Intel Core I5 Professional Laptop"
"10252887","PlayStation 5 Slim 1TB Digital Edition With DualSense Console"
"10261953","Sony PS5 Digital Fortnite Slim Console"
"75NANO80A","LG 75 inch NanoCell AI NANO80 4K Smart TV"
"55S7N","Hisense 55 Inch Canvas UHD Smart Google TV"
"75Q7N","Hisense 75 inch Q7N Series QLED VIDAA Smart TV"
"11TMS0EU00","Lenovo ThinkCentre M90t Intel Core i7 Desktop Tower"
"UNI-RAC24I","Unitherm 24K Inverter Wall Mount Air Conditioner"
"75Z670RP","Toshiba 75 Inch Z670RP Series QLED 144Hz Smart TV"
"HDEB034GEA51F","Toshiba 3.5 Inch Enterprise 24TB SATA Hard Drive Disk"
"75UA85006","LG 75 inch UHD AI UA854K AI Magic Remote Ready HDR10 Smart TV"
"D11BSET","HP 250R G10 Intel Core 3 Professional Laptop"
"N3ES-R7-8745-16-512","DECIBELL MINI-PC R7,16GB,512GB,W11P"
"N3ES-R7-16-1TB","Decibell N3ES AMD Ryzen 7 1TB Professional Mini Desktop PC"
"DLT100-B1","Hisense 100 Inch ALR Screen for Laser Projector"
"N3ES-I7-16-512","Decibell N3ES Intel Core I7 Mini Professional Desktop PC"
"82VG00LGSA","Lenovo IdeaPad 1 15AMN7 AMD Ryzen 5 Laptop"
"N3ES-R7-16-512-PRO","Decibell N3ES AMD Ryzen 7 Professional Mini Desktop"
"MP200-I9-ITB","Blackview MP200 Intel Core i9 1TB Mini Desktop PC"
"MP200-I9","Blackview MP200 Intel Core i9 Mini Desktop PC"
"55NANO80T6A","LG 55-inch Nanocell UHD 80T6A Series Smart LED TV"
"N3A-I5-16GB-1TB","Decibell N3A Intel Core I5 Mini Professional Desktop"
"65UA85006LA","LG 65 Inch UHD AI UA854K  AI Magic Remote Smart TV"
"UA65U8050FUXXA","Samsung 65 Inch Crystal UHD 4K U8050F Smart TV"
"N3ES-I5-16-1TB","Decibell Intel Core i5 Mini Professional Desktop PC"
"HDEPZ10GEA51F","Toshiba 3.5 Inch Enterprise 18TB SATA Hard Disk Drive"
"X1504ZA-I316512BL1W","Asus Vivobook 15 X1504ZA Intel Core i3 Laptop"
"UNI-RAC18I","Unitherm 18K Inverter Type Wall Mount Air Conditioner"
"AMO2-PRO-R7-8-512-PRO","DECIBELL AM02 R7,8GB,512GB,W11P"
"65UA80006","LG 65 Inch UHD UA80006 webOS 25 Smart LED TV"
"SOLLP1624100","Solarix Infinisolar 25.6V 100Ah Lifepo4 Single Battery"
"65Q6600H","Skyworth 65 Inch Q6600H QLED UHD Google TV"
"HDEPZ13GEA51F","Toshiba Enterprise 3.5-inch 12TB SATA Internal Hard Drive"
"65C450MN","Toshiba 65 inch QLED 4K Premium UHD Smart TV"
"65A6Q","HISENSE 65-inch A6Q UHD 4K Smart LED TV"
"FBIG2000IS","Ellies Smart 2KW Pure Sine Wave Inverter Generator"
"SOLPBMKS1500VA","KingStar Solarix Pre-Built 1.5KVA Hybrid 12V Powerboard"
"DDR5-PC5600-32GB-L","Dato DDR5 5600MHz 32GB SODIMM Laptop Memory"
"11D0S0VB00","Lenovo ThinkCentre M90t Intel Core i5 Desktop Tower"
"HSC532S56Z1-32G","Hiksemi Hiker DDR5 32GB Laptop Memory Module"
"65C350RP","Toshiba 65 inch C350RP Series 4K UHD Smart LED TV"
"AS3304T","Asustor Drivestor 4 Pro AS3304T"
"34WQ650-W","LG 34 Inch Ultra Wide LED IPS Monitor"
"SOLSKUPS1000LI","Solarix 365Power 1KVA Mobile Inverter and Lithium LiFePo4"
"MC086C","Hisense MC086C Mobile Bracket And Stand For Hisense"
"82XB00G5SA","Lenovo IdeaPad Slim 3 15IAN8 Intel N100 Laptop"
"55Q6700H","Skyworth 55 Inch S6700H Series QLED Google TV"
"AX5140Q","Hisense 5.1.4 Channel Dolby Atmos Soundbar"
"LEN10V8","LENOVO THINKCENTRE M75Q USFF(C6)(F3)"
"LEN10T7","LENOVO THINK M720Q I5, 8GB, 256SSD, W10P"
"55UA85006","LG 55 inch UHD AI UA854K AI Magic Remote Ready HDR10 Smart TV"
"WH3309-LK","Hisense Mobile Cart For 65 to 85 inch Panel"
"HDEB026ZSA51F","Toshiba N300 NAS 10TB SATA Internal Hard Drive"
"STL-55G1U","Sinotec 55 inch  G1U Series UHD LED Google Smart TV"
"DECIBELL-S1-N95-8-512","DECIBELL S1 MINI,N95,8GB,512GB,W11P"
"HDET02KZSA51F","Toshiba S300 3.5 inch 10TB Surveillance Hard Drive"
"BLK-ACEBOOK-N150-16-512","Blackview AceBook 8 Intel N150 Laptop"
"VA2762-4K","Viewsonic VA2762-4K 27 inch UHD IPS Monitor"
"50UA85006","LG 50 inch UHD AI HDR10 webOS25 Smart TV"
"50UA80006LC","LG 50 Inch AI UA80 4K UHD webOS25 Smart TV"
"DECIBELL-GK3","Decibell GK3 Intel Alder Lake Mini PC"
"50C450MN","Toshiba 50 inch C450MN QLED Premium UHD Smart LED TV"
"DECIBELL-C0A-8GB-256GB","DECIBELL MINI R3,8GB,256GB,W11P"
"HSC516S48Z1-16G","HIKSEMI 16GB DDR5 4800MHZ SODIMM"
"10262056","Sony PlayStation Black Portal remote Player"
"10261696","Sony PlayStation White Portal remote Player"
"STL-55G2Q","Sinotec 55 Inch 4K QLED Google LED TV"
"SOLES3624VPSW","Solarix Esener 3600VA 24VDC 100A Pure Sine Wave Inverter"
"50E5520H","Skyworth 50 Inch FHD QLED Google TV"
"43UA85006LA","LG 43 inch UHD AI HDR10 webOS25 Smart TV"
"50A6Q","Hisense 50 Inch UHD A6Q Series Smart LED TV"
"HDEB028GEA51F","Toshiba MG10 Enterprise 8TB 3.5 Inch Hard Drive Disk"
"50A4Q","Hisense 50 Inch Full HD A4Q Smart LED TV"
"43UA80006LC","LG 43 Inch 4K AI UHD Smart LED TV"
"S3008L-L8I","SUPERMICRO RAID - 8 PORT 12GB/S"
"960-001230","Logitech VC Rally Speaker"
"HDEJX14GEA51","Toshiba Enterprise 3.5 Inch 8TB SATA Hard Drive Disk"
"AMRGB2G832G32R","Dato Ares DDR4 3200MHz 32GB Desktop Memory"
"SP.8TM01GC01","Optoma UHP 190Watt Projector lamp"
"NT2350SMNFTV","Nesty 50 Inch Slimline LED Backlit Full High Definition Netflix Smart TV"
"AS1102TL","Asustor Drivestor 2 Lite AS1102TL 2 Bay NAS"
"HIK8CHKIT","Hikvision 8 Channel 720p DIY Complete Surveillance Kit"
"43A4Q","Hisense 43 A4Q FHD Smart LED TV"
"40A5Q","Hisense 40 Inch Full HD QLED VIDAA Smart TV"
"40E5400H","Skyworth 40 inch FHD Google Smart TV"
"43E5500H","Skyworth 43-inch FHD Google TV"
"BX8071514100-CA","Intel Core i3 Processor 14th Gen Raptor Lake CPU"
"TLEDD-45FHDA","Telefunken 45 Inch Full HD LED TV"
"ZTE-G5B","ZTE G5B 5G Ultra Fast WiFi 6 Router"
"WDS200T2G0A","Western Digital Green Cased SATA 2TB SSD"
"CA-9011180-AP","Corsair Virtuoso RGB Wireless SE Gaming Headset"
"40E5500H","Skyworth 40 Inch Full HD Google Smart TV"
"STL-43G2","Sinotec 43 Inch FHD Digital LED TV"
"ROG-STRIX-B550-A-GAMING","Asus ROG STRIX B550A Socket AM4 ATX Desktop Gaming Motherboard"
"SP.8VH01GC01","Optoma 190 Watt Projector lamp"
"100-100001488BOX","AMD Ryzen 5 5600GT CPU - 6-Core Socket AM4 3.6GHz Processor"
"40V35RP","Toshiba 40 inch smart tv VIDAA"
"HDWG740EZSTCU","Toshiba 4TB N300 SATA III 3.5 Inch Hard Drive"
"ZA-CAB22U","NETIX 19 Inch 22U 600X600 SERVER CABINET"
"LVC10Z001TG8","Kioxia Exceria G3 M.2 PCIe 5.0 1TB SSD"
"LSF10Z001TG8","Koxia Exceria Basic NVMe 1TB Internal SSD"
"HIK-2802-100M","Hikvision 8 Channel DVR 2MP Camera 100M Cat6 Cable CCTV Kit"
"B087SK64","Tefal Easy Care Grey 20 Piece Cookware Set"
"TM-T20III-011","Epson TM T20III 011 EDG USB Serial POS Printer"
"INN13S8256GBSG","INOI Note 13s 256GB Storage and 8GB RAM Android Smart Phone"
"NT23SMNFTV","Nesty 43 Inch Slimline LED Backlit Full High Definition Netflix Smart TV"
"32E5520H","Skyworth 32 Inch QLED HD Ready Google TV"
"STL-40G2","Sinotec 40 Inch Full HD Google LED TV"
"CT1000E100SSD8","Crucial E100 1TB PCIe Gen4 NVMe M.2 SSD"
"LXD20K002TG8","Kioxia Exceria Plus G2 2TB Portable SSD"
"HDTB540EK3CA","Toshiba 4TB Canvio Basics USB 3.0 Portable Hard Drive"
"NT01SA500-S3X-SSD1TB","Netac SA500 3D NAND SATA 1TB SSD"
"NT21SMNFTV","Nesty 40 Inch Full High Definition Netflix Android Smart TV"
"BRASW411H","Barkan SW411H 13 Inch To 86 Inches Mobile TV Mount Cart Metal Shelf"
"SOLAGM12V100","Solarix 12V 100AH GEL Battery"
"CT1000BX500SSD1","Crucial BX500 2.5-inch 1TB Serial ATA 3D NAND Internal SSD"
"CSY-SK03038","Sokany 15kg Bullet Shaped Ice Maker"
"C11CJ68403","Epson EcoTank L3210 Multifunction Colour Inkjet Printer"
"SQC1","LG 2.1Ch 160W Soundbar with Wireless Subwoofer"
"M125RTS","Hisense Mora 90 Litre Titanium Silver Bar Fridge"
"ST373455SS","Seagate Cheetah SAS 73GB 15K Series Hard Drive"
"INA836128GBBLK","INOI A83 128GB and 6GB RAM Android Smart Phone"
"HIL-2402-330GB","Hilook 4Ch 4x 2MP Bullet Cameras with 330GB SSD CCTV DIY Kit"
"C11CJ68404","Epson EcoTank L3211 3-in-1 Colour A4 Inkjet Printer"
"ASU650SS-1TT-R","Adata SU650 Ultimate 3D NAND 1TB SATA SSD"
"POSTR-470B","Postron Thermal Barcode Label Printer"
"TAPO-C425-KIT","TP-LINK SOLAR-POWERED SECURITY CAM KIT"
"ZTE-G5TS","ZTE G5TS 5G MODEM WHITE"
"24MS500-B.AFAQ","LG 24 Inch IPS FHD LED Monitor"
"TL-SG1016PE","TP-Link 16-Port Gigabit Easy Smart"
"STL-32G2","Sinotec 32 Inch HD Ready Google LED TV"
"VA24EHF","Asus VA24EHF 24 inch Full HD Gaming Monitor"
"SOLPV6MMRED","Solarix 6mm2 Single Core Solar Photovoltaic PV 100m Cable"
"22MP410-B","LG 22 inch MP410 Series HDMI Wide LED Monitor"
"GPXV200","Esquire Pull Up 150x200cm Chroma Key Green Screen"
"BC52P","Casals 52cc 2 in 1 Petrol Brush Cutter"
"DHI-LM27-A200V","Dahua 27 Inch LM27-A200 Series FHD Monitor"
"PN3L3_1OS3OS","Dell 1"
"KSC319","Bennett Read 19 Piece Supreme Strainer Set"
"CT8G56C46S5","Crucial 5600MHz 8GB DDR5 SODIMM Memory Module"
"ZAT95HD","Postron 2D 2.4G wireless Barcode Scanner"
"AP512GAS2280P4-1","Apacer AS2280P4 512GB M.2 PCIe Gen3 NVMe SSD"
"912800","Taurus Processador De Cuinar Food Processor"
"79G-05335","Microsoft Home and Student 2021 - NO MEDIA, DSP"
"ZA900HD","Postron 2D Wireless Barcode Scanner"
"10234797","Sony PlayStation 5 DualSense™ Wireless Black Controller"
"10255335","Sony PS5 DualSense Wireless Controller"
"HFP70.000BK","Kenwood Black Dual K Healthy Fry Airfryer"
"981-001050","Logitech G435 Ultra-light Wireless Bluetooth"
"HDKPB04Z0A01S","Toshiba 2TB S300 Surveillance 3.5 Inch SATA"
"MBX-ROC-01","Mediabox Rocket Ultimate All In One Android Streaming Box"
"CUBOT-A10-BLACK","Cubot A10 Mobile Smartphone"
"DHI-LM24-A200V","Dahua 24 inch LM22-A200V Series FHD Monitor"
"MBX-MAV2-01","Mediabox Maverick 2 Google TV 4K Streaming Box"
"968210","Taurus 6.5L Stainless Steel Digital Slow Cooker"
"ALEG-710-512GCS","Adata Legennd 710 PCIe Gen3 x4 M.2 2280 512GB SSD"
"GO2+SP2","Arenti Wireless Battery Outdoor Camera with Solar Panel"
"HP-NC4200H","BTI HP Business Notebook 6100"
"HDTB520EK3AA","Toshiba 2TB Canvio Basics USB 3.0 Portable Hard Drive"
"HDKPB20Z0A01S","Toshiba Surveillance S300 3.5 Inch 2TB Internal Hard Drive"
"90MB1600-M0EAY0","Asus Prime B450M-K II AMD Socket AM4 Micro ATX Motherboad"
"BLACKVIEW-TAB60-WIFI-GREY","Blackview Tab 60 WiFi 6 Android Tablet"
"AH4U08G32C28YNBAA-1","Apacer Nox 8GB RGB DDR4 3200MHz Gaming Memory"
"TL-SG1210P","TP Link 10 Port Gigabit Swithc 8 Ports POE"
"ZA-CAB6U","NetiX 19-Inch 6U 600X450 Fixed Wall Mount Server Cabinet"
"20U401A-B.AFB","LG 19.5 Inch HDMI TN LED Monitor"
"AR-AS5520X3","BTI Acer Aspire 5520 Notebook Battery"
"AR-AS5520X4","BTI Acer Aspire 5520 Laptop Battery"
"VIGI-C540-W","TPLink VIGI 4MP Outdoor Full"
"1170902001","FreeStyle Libre Sensor 2 Glucose Monitoring System"
"31100","Mellerware Upright Bagless Plastic Vacuum Cleaner"
"GT7102GD3H4HDMI","MSI nVidia Geforce GT 710 2GD3H 2GB PCIe 2 x16 Graphics"
"711719320906","PlayStation 5 Hardware - PS5 HD Camera"
"KEC402","Bennet Read Compact Oven and 2 x Solid Hot Plate Stove"
"ZA-460","Postron Cash Drawer with 5 Bills and 7 Coins"
"AR-EX5420X3","BTI Acer Extensa 5120"
"27400A","Mellerware 5 Litre Electric Pressure Cooker"
"TSB96403GL","Targus Newport 15-inch Drawstring Laptop Backpack"
"HHO60PASS","Hisense 60cm Stainless Steel Smoke Extractor"
"AP512GMCSX10U8-R","Apacer 512GB MicroSD Class10 V30 Memory Card"
"GT710-SL-2GD3-BRK-EVO","ASUS EVO Silent Nvidia GeForce GT 710 2GB DDR3 Graphics"
"UNIMMAD","Unimount Spring Assisted Dual Arm Monitor Stand"
"KAF164","Bennett read 1600W Powerful Digital Air Fryer"
"PSD48G266681","Patriot Signature Line UDIMM DDR4 8GB Desktop Memory Module"
"SGH14","Salton SGH14 3 Ceramic Panel Infrared Gas Heater Black"
"LTC10Z480GG8","Kioxia Exceria 2.5-inch 480GB Serial"
"948050","Taurus 9 In 1 Foldable Upright Steam Mop"
"AH4U08G32C28Y7GAA-1","Apacer Panther 8GB DDR4 3200MHz CL16 Gaming Memory"
"N/CPU001","Intel Celeron 700Mhz -N/Book Cpu,"
"VIGI-NVR1008H","TP-Link VIGI NVR100H VIGI 8 Channel Network Video Recorder"
"DS-2CD1023G0E-I","Hikvision 2 MP Fixed Bullet Network Camera"
"EK.08G2Z.GJC","Apacer Panther 8GB DDR4 3000MHz Gaming Memory"
"VIGI-C340-W(4MM)","TP-Link 4MP Outdoor Full Color Bullet Network Camera"
"90242","Ugreen HiTune X6 Hybrid Active Noise Cancelling Wireless"
"HS-U820","Hisense U820 3.5 inch Smartphone Black"
"B4U36AA","HP 4GB DDR3 1600MHz SODIMM Memory"
"WX-HB113","Winx CONNECT Ultra 14-in-1 Type-C Hub Silver"
"TE-TEG1024G","Tenda 24-Port Gigabit Ethernet Switch"
"ACS201B","Alva Air 40cm Matte Black Finish Telescopic Pedestal Fan"
"MBX-NEO-01","Mediabox Neo Stick 1080P HDR mediabox android TV"
"ACS201","Alva Air 40cm Metal Pedestal Fan"
"5055060949863","PlayStation 4 Game Resdient Evil 3 Lenticular Edition"
"SOL-JT-BJ400W-TZ","Solarix Jortam 400w Glass Solar Flood Lamp with Solar Panel"
"TL-SF1024","TP-Link TL-SF1024 24-Port 10/100Mbps Desktop Switch"
"FR2000FAN60HS","INTEL FAN FOR SERVER CHASSIS"
"P220S256G25","Patriot P220 SATA III 2.5 Inches 256GB SSD"
"DS-2CD1123G0E-I2.8MM","Hikvision 2MP Fixed Dome Network Camera"
"UQ-HDMIFO-60M","UniQue 4K Ultra HD 60M HDTV 2.0 Active Optical Cable"
"DCOLOR-GD1","DColor GD1 USB Type C 4K Google Certified Android TV Stick"
"TAB3-KIDS-PINK","Blackview Tab 3 Kids 7.0 Inch Children Edition Tablet PC"
"26S0005","Lexmark X2670 3 IN 1 Colour Thermal Printer"
"ZTE-U20","ZTE U20 LTE CAT7 Mobile WiFi Router"
"RHB315","Russell Hobbs Stainless Steel 1.75L 650W Jug Blender"
"27610","Mellerware 3 Tier 9 Litre Food Steamer"
"ZEPP137188SH","Pure Pleasure Double Fullfit Sherpa Fleece Electric Blanket"
"VIGI-C240(2.8MM)","TP-Link VIGI C240 2,8mm 4MP"
"S3244/12","Philips S3000 Wet And Dry Electric Shaver"
"LP-E10","CANNON LP-E10 BATTERY PACK"
"920-012241","Logitech Pebble 2 Combo Bluetooth Mouse And Keyboard"
"GPS650W","UniQue 650W 80 PLUS Bronze Gaming Power Supply"
"HVC212","Bennet Read Tough 12L Wet & Dry Vacuum"
"7ZF19AA","HP OMEN Reactor Wired USB Gaming Mouse"
"ARCHER-MR100","TP Link 300MBps Wireless Network 4G LTE Router"
"VIGI-C230I MINI(2.8MM)","TP-Link VIGI C230I Mini 3MP IR Mini Dome Network Camera"
"VIGI-C340(6MM)","TP-Link VIGI-C340 6mm 4MP Outdoor Bullet Network Camera"
"H20MOBS11","Hisense 20 Litre Black Exterior Finish Electric Microwave Oven"
"CS-CV246(B0-1C1WFR)","EZVIZ C6CN 2MP WI-FI PTZ CAMERA"
"942-000031","Logitech Extreme 3D Pro Joystick"
"THX50BLACK","Thronmax THX-50 Professional DJ Streaming"
"IM510ACE","Altec Lansing InMotion IM510ACE Portable Audio System"
"C915BG","UniQue Gaming Case No PSU With 4 LED Fan"
"ZEPP91188SH","Pure Pleasure Single Fullfit Sherpa Fleece Electric Blanket"
"80650","Ugreen HiTune T1 Wireless Earbuds with 4 Microphones"
"VIGI-C440(4MM)","TP-Link VIGI 4MP 4mm Full-Color Turret Network Camera"
"SOLTAICOBEL24V","Solarix 24V Battery Equaliser And Balance Charger"
"BRE275/00","Philips Satinelle Essential Corded Compact Epilator"
"27302","Mellerware Red 4.5L Popcorn Maker"
"TR-58003","NETIX UTP CAT6 CCA 305M BOX-GREY"
"VIGI-C430I(4MM)","TP Link VIGI 3MP 4mm IR Turret Network Camera"
"DI-390A28","Provision ISR 1080P 4in1 Dome Camera"
"AP256GAS2280P4-1","Apacer AS2280P4 256GB M.2 PCIe Gen3 NVMe SSD"
"UNIMMAS","Unimount Spring Assisted Monitor Arm Stand"
"UQ-HDMIFO-20M","UniQue 4K Ultra HD 20M HDTV 2.0 Active Optical Cable"
"PHP004","Pure Pleasure Electric Foot Warmer"
"KBD212","Bennet Read 1.5 Litre Jug Blender"
"EIH200G","Alva Electric Convection Heater -"
"6959144011431","Promate Wee Robust Metallic Bluetooth Speaker"
"ZEPP137150","Pure Pleasure Double Non Fitted Electric Blanket"
"VIGI-C330I(6MM)","TP-Link VIGI 3MP 6mm Outdoor IR Bullet Network Camera"
"G-HP-106A","Compatible Generic HP 106A Laser Toner Cartridge"
"UNIM-3780FM","Unimount Dual Arm Wall Mount for 37 to 80 Inch TV"
"01015530","Topjet Seikosha SBP10AI Black Generic Nylon Ribbon"
"85800","Mellerware 800W Stainless Steel Stick Blender With Attachments"
"SP128GBUC3C50V1K","Silicon Power C50 128GB OTG Flash Drive"
"5038581128863","Yankee Candle Wild Orchid Large Jar"
"5038581151106","Yankee Candle Cucumber Mint Cooler Large Jar"
"5038581128795","Yankee Candle Spiced Banana Bread Large Jar"
"5038581129419","Yankee Candle White Gardenia Large Jar"
"5038581124940","Yankee Candle A Calm and Quiet Place Large Jar"
"5038581124919","Yankee Candle Baby Powder Large Jar"
"5038581125015","Yankee Candle Black Cherry Large Jar"
"5038581128924","Yankee Candle Midnight Jasmine Large Jar"
"AP512GAH355B-1","Apacer 512GB AH355 Black USB 3.2 Flash Drive"
"VIGI-C330I(2.8MM)","TP-Link VIGI C330I VIGI 3MP Outdoor IR Bullet Network Camera"
"VIGI-C440I(4MM)","TP Link VIGI 4mm 4MP Turret Network Camera"
"7J594AA","HP Campus XL Tartan Plaid Backpack"
"UQ-HDMIFO-15M","UniQue 4K Ultra HD 15M HDTV 2.0 Active Optical Cable"
"IM500ACE","Altec Lansing InMotion IM500ACE For Nano"
"TL-SF1005LP","TP Link 5 Port 100Mbps Desktop Switch"
"VIGI-C320I(2.8MM)","TP Link VIGI 2MP 2.8mm Outdoor Bullet Network Camera"
"U10PRO","ZTE U10 4g Router Wi-Fi Pro 4G White LTE Router"
"5038581079189","Yankee Candle Signature Reeds Clean Cotton 120ml"
"5038581079196","Yankee Candle Signature Reeds Fluffy Towels 120ml"
"5038581079219","Yankee Candle Signature Reeds Lemon Lavender 120ml"
"5038581128955","Yankee Candle Signature Collection Vanila Creme Brulee"
"5038581123578","Yankee Candle Fresh Peach Large Jar Retail Box No warranty"
"5038581134123","Yankee Candle Mango Ice Cream Large Jar Retail Box No"
"5038581112954","Yankee Candle Beach Escape Large Jar"
"5038580000405","Yankee Candle Mango Peach Salsa Large Jar"
"5038580000207","Yankee Candle Fresh Cut Roses Large Retail Box"
"5038580000559","Yankee Candle Vanilla Lime Large Jar Retail Box No warranty"
"MIS002","Casey Self Supporting Protective Transparent Barrier"
"0161815651310","Promate PocketMate Apple Backup Battery"
"CUBOT-C28","Cubot C28 2.02 Inch Waterproof Sport Smartwatch"
"E2035POW","Gicom Eco Lami A3 Laminator"
"663595920513","Woodwick White Willow Moss Candle Medium Jar Retail Box No"
"663595921428","Woodwick Evergreen Candle Medium Jar Retail Box No warranty"
"HX3671/54","Philips Sonicare 3100 Series Electric Toothbrush"
"956-000053","Logitech Desk Mat Studio Series Mouse Mat"
"TL-SF1005P","TP Link 5Port 100Mbps Desktop Switch"
"PAP002","Typek A4 Paper 80grams 5x Reams Paper Box"
"372190","Manhattan Black 20m SVGA Monitor Cable"
"BRL136/00","Philips Cordless Pink Lady Wet & Dry Shaver 6000"
"CSY-705-50","Casey JYL Heavy Duty Steel Frame Ironing Board 90cm X 30cm"
"DH-TC39","Dahua TC39 9 in 1 USB 3.1 Type"
"BX25","Boss 2 Way Cross Audio System"
"IMT217ACE","Altec Lansing Ultra Portable Nokia Phones Speakers New"
"4660288","ThrustMaster T-Mega Pack for PS2"
"5038581134147","Yankee Candle Mango Ice Cream Medium Jar Retail Box No"
"5038581134215","Yankee Candle Tranquil Garden Medium Jar Retail Box No"
"5038581134130","Yankee Candle Sakura Blossom Medium Jar Retail Box No"
"5038581063638","Yankee Candle Seaside Woods Medium Jar"
"5038580000511","Yankee Candle Midsummer Night Medium Jar"
"5038580003758","Yankee Candle Pink Sands Medium Jar"
"5038580070033","Yankee Candle Vanilla Medium Jar"
"5038581009100","Yankee Candle Linden Tree Medium Jar"
"HDMIBR-30M","UniQue HDMI To HDMI Brainded Red 30M Cable"
"NTNP103","Nesty NP 103 Smart Sports Watch With Calling Function Black"
"712545","Intellinet 19 Inch 700mm Fixed Shelf"
"BRAE400","Barkan 32-90 inch Flat TV Wall Mount Bracket"
"CSY-V-3921","Lzzo 8500w Pro Salon Hairdryer"
"TL-SF1016D","TP-Link TL-SF1016D 16-Port 10/100Mbps Desktop"
"KVS103","Bennett Read Vacuum Sealer"
"CS611B-300W","UNIQUE  LIVING CUBE 300W plus 1 SIDE"
"FBWP5","Ellies 12 Way Surge Multiplug Adator"
"H6ZA18AE","HP Ink Tri Colour Printhead"
"ZALS-002S","UniQue Aluminum Alloy Notebook Stand"
"CSYSK289","Sokany Red And White Popcorn Maker"
"UNIMLSR","Unimount 10 To 15.6 Inches Adjustable Laptop Riser"
"ZACAT6100MUTP","Netix CAT6 100M UTP Indoor Network Cable"
"QP2724/10","Philips OneBlade Face Hair Trimmer"
"MG3730/15","Philips Multigroom Series 3000 8 In 1 Hair Trimmer"
"057647101451","Varta Pocket Charger - Charges"
"KL1941QXBFS-6ENG","Kaspersky Internet Security 2016"
"TH105-BLK","Totally 4 Piece Breadbin And Canister Tin Set Combo Black"
"CSY-SK6627","Sokany Hand Mixer 800W Silver Black"
"HAB101","Bennet Read Body Massager Retail Box 1 year warranty"
"CSY-HC301","Alizz Professional Ladies Epilator - Purple & White"
"UNQ-VGA-2508","UniQue VGA 8 Port Splitter Adapter"
"SOLNP12V72AHLA","Solarix 12V 7 2AH Lead Acid Rechargeable Battery Nutec"
"PWB02","Pineware 23 Litre Electric Water Heater Bucket Blue"
"BHS377/00","Philips StraightCare Essential ThermoProtect Straightener"
"ST2S-09","Salton 2 Slice Cool touch White Toaster"
"DATO-DDR4-4GB-SODIMM","Dato 4GB DDR4 3200MHz SO-DIMM Memory"
"ARCHER-T3U NANO","TP Link Archer T3U Nano AC1300 Nano Wireless USB Adapter"
"UNIDESK01BLK","UniQue Portable Foldable Laptop Desk With USB Cooling Fan"
"THC-T120-PS","HiLook 2 MP Indoor Audio Fixed Turret Camera"
"TL-WA855RE","TP-Link TL-WA855RE 300Mbps WiFi Range Extender"
"SOLEARTHSPIKE","Solarix Copper Cladded 120mm Earth Spike"
"TL-WA854RE","TP-Link TL-WA854RE 300Mbps WiFi Range"
"CLI8M","Canon CLI-8 Magenta Ink Tank"
"522731","Intellinet Wireless Super G PCMCIA Adapter"
"712583","Intellinet 19 Inch 800mm Fixed Shelf"
"712774","Intellinet 19 Inch Cable Entry Panel"
"G-HP-210A/540A","TopJet Compatible HP Generic CF210"
"G-HP-213A/543A","TopJet Compatible HP Generic CF213A"
"RH2650A","Casey Red 2 Plate Stainless Steel Gas Stove"
"4294-016","Wahl Flex Mini Wand Rechargeable Massager"
"910-002201","Logitech M235 Wireless USB Optical Mouse"
"0161815918314","Promate Irock.4 Portable Mini Extendable Speaker for iPad"
"B5821102","Tefal Simplicity 28cm Pancake Pan"
"B-L-Y02","Belj 20000mAh belj power bank with LED Torch"
"CSY-SK16058","Sokany SK-16058 Professional Hair Clipper"
"NTGRPBP3","Nesty 20000mAh Black Multi Functional Power Bank"
"ZAS1D001","Postron 1D CCD Barcode Scanner"
"22330BK","Mellerware Tempus 1.8L Cordless Kettle Black"
"SDDDC3-128G-G46","SanDisk Ultra Dual Drive Go 128GB USB TypeC Flash"
"MR20","Mercusys AC750 Dual Band WiFi 5 Router"
"4780470","Hercules i XPS SoundBox Stones version"
"501668","Intellinet Wireless Super G PC Card 32 Bit PC Card Adapter"
"CSY-SK-6626WHT","Sokany Electric Hand Mixer and Blender White"
"CSYT25563","Autoworx 9 Piece Full Set Universal Car Seat Covers"
"DL.04G2K.KAM","Apacer 4GB DDR3 1600Mhz Desktop Memory"
"BATSLA","Securnix 12V 4.5A Batteries For UPS"
"UQ-HDMIC10M-8K","UniQue 8K Ultra HD 10M Premium High Speed HDTV Cable"
"NESTYREM","Nesty Smart TV Remote"
"SDDDC3-128G-G46L","SanDisk Ultra Dual Drive Go 128GB TypeC USB Lavender"
"RTMF600-RO","Ross 50 to 85 inch FlatToWall TV Mount Bracket"
"5959144000313","Promate White Traversel Travel USB Charger"
"522328","Intellinet Gigabit PCI Network Card"
"UNQEMSUSB3","UniQue USB To mSATA SSD Mini External Enclosure"
"SOLSK6MMBATTCAB","Solarix Battery 1x1 Metre 16mm2 PVC Red Cable Set"
"LFL50S","Noble Pays 50w 4000 Lumens LED Floodlight With Motion Sensor"
"TL-WR820N","TP Link WR820N 300Mbps Wireless N Speed Router"
"IZYM36BRBO","X Shot Dual Barrel XL Pump Action Water Gun"
"0161815313102","Promate CMS-02 Car Lighter Socket"
"AP64GAH180R-1","Apacer AH180 64GB USB 3.2 Gen 1 Dual Flash Drive"
"THC-T127-LPC 2.8MM","Hilook 2MP Dual Light Indoor Fixed Turret Camera"
"CSYYH9907-6-BLK","Nordic Wind Black 6 Tier 18 Shoe Steel Rack"
"UQ-3501","UniQue 2 In 1 3.5 Inch USB SATA External Hard Drive Enclosure Case"
"KVS102","Bennet Read Vacuum Sealer Replacement Roll"
"G-HC-728B/278A","TopJet Compatible Replacement Toner Cartridge for HP CE278A"
"561723","Intellinet 5 Port Gigabit Ethernet Switch"
"DHI-DDR-C300S4G26","Dahua C300 Series DDR4 2666MHz 4GB Laptop Memory Module"
"162364","Manhattan Sound Science Atom Glowing Wireless Speaker"
"2161815223140","Promate Volcan-Aluminium Finish Camera Case"
"2GOPOUM.YELLOW","SonicGear Yellow SPX 200 2Go! Pouch"
"6959144011974","Promate Couple 5200mAh Universal Back up Battery"
"35500","Mellerware Rechargeable Hot Water Bottle Retail Box 1 year"
"TH40-BLU","Totally Camping Chair - Navy Blue"
"5038581111155","Yankee Candle Coconut Rice Cream Small Jar Retail Box No"
"5038581063645","Yankee Candle Seaside Woods Small Jar"
"5038581009179","Yankee Candle Cherry Blossom Small Jar"
"5038580004465","Yankee Candle Fresh Cut Roses Small Jar"
"5038580001235","Yankee Candle Baby Powder Small Jar"
"5038581134192","Yankee Candle Sakura Blossom Small Jar Retail Box No"
"TOT107111","Casey Bamboo Serving Tray – 43cm x 33cm"
"GM-M6880X","Gigabyte GM-M6880X Laser Gaming Mouse Metal Black"
"ES10WAYMPS","UniQue Electrosense 10 Way Multiplug With Surge Protection"
"THC-T120-PC 2.8MM","HiLook THC-T120-PC 2 MP Indoor Fixed Turret Camera"
"CSY5250","CASEY HOT AIR BRUSH HAIR DRYER+STYLER"
"LGN5W37/5-01","Luceco GU10 5W Natural White 5 Pack LED 370 Lumens"
"NTX-CT002","Netix RJ45 Pass Through Hole Cable Crimper"
"CSY8809-5A-BLK","Nordic Wind Cross 5 Tier 15 Shoe Rack Black"
"CSY8809-5A-WHT","Nordic Wind Cross 5 Tier 15 Shoe Rack White"
"CSY8809-5A-BLU","Nordic Wind Cross 5 Tier 15 Shoe Rack Blue"
"20818","Ugreen Outdoor Running Waist Belt Pack"
"30W-WHITE","Geeko 5-Port USB Travel Charger with Apple Lightning Cradle"
"09155-1116","Wahl HomePro Basic Hair Clipper"
"SOL-T-YYZ-16","SOLARIX Indoor Ceiling Lamp With Solar Panel"
"VK-4021-BK","Volkano Steel 19 to 55 inch Universal Flat & Curved TV Wall Mount"
"DBK252","Tevo Magneto Rechargeable LED Solar Lantern"
"0161815121189","Promate Red Aurus Universal Hands-free Stereo"
"4660276","ThrustMaster T CARE"
"2GONOWORANGE","SonicGear 2GO NoW Trio Power Portable Speakers System"
"TL-WN725N","TP Link TL WN725N 150Mbps Wireless N Nano USB Adapter"
"161169","Manhattan 7 Port Pocket hub USB 2.0"
"4660283","ThrustMaster T- PROTECT Black Storage"
"0161815685421","Promate Prodyna Universal multifunction stereo hands"
"AP128GAH25CJ-1","Apacer 128GB AH25C Bronze USB 3.2 Flash Drive"
"KJHPS4-15","PS4 CASE SILICONE COVER  BLK"
"CSY-6029-3-LGRY","Casey Bathroom Light Grey 3 Piece Mat Set"
"CSY-6029-3-DGRY","Casey Bathroom Dark Grey 3 Piece Mat Set"
"CSY-6029-3-CRM","Casey Bathroom Cream 3 Piece Mat Set"
"CSY9901-3BLK","Nordic Black Wind Cross 3 Tier 12 Shoe Steel Rack"
"TAPO-L610","TP-Link Tapo L610 Smart Wi-Fi Dimmable Spotlight Bulb"
"505314","Intellinet Wireless G PC Card"
"353960","Manhattan In-wall CL3 Premium High"
"6959144000213","Promate Veep.C Premium Digital Camera Cleaning Kit"
"JRT200","CASEY INFRARED NON CONTACT THERMOMETER"
"30488","Ugreen Gooseneck Phone Stand Holder"
"SOLADJUTBRK","Solarix Adjustable Under Tile Roof Mount Bracket"
"G0251","Alva Bullnose Gas Regulator"
"HSUSBM200S128GB","HikVision M200S 128GB USB 3.0 Flash Drive"
"CHP6045","Esquire USB AAA Rechargeble Battery"
"5038580008272","Yankee Candle Clean Cotton Car Jar"
"5038581147215","Yankee Candle Car Jar Fresh Scent"
"5038580059700","Yankee Candle Black Coconut Car Jar"
"5038580055344","Yankee Candle Turquoise Sky Melt Cups"
"460705","Manhattan Budget Web Camera 300K Pixel"
"KSCB68F-36HJ5-H","Kingmax DDR2 256mb 667mhz So"
"CR1616/00B","Philips Minicells Battery CR1616 Lithium Sold as Box of 10"
"CR1620/00B","Philips Minicells Battery CR1620 Lithium Sold as Box of 10"
"CR2016/01B","Philips Minicells Battery CR2016 Lithium Sold as Box of 10"
"CR2025/01B","Philips Minicells Battery CR2025 Lithium Sold as Box of 10"
"BS-S10B","Geeko Mini Rechargeable Bluetooth Version V2.1 Speaker with"
"0161815525895","Promate Overt.iP5 iPhone 5 Stylus-Stand and Screen Protector Kit"
"ZA-DPTHDMI-1.8M","UniQue 1.8m HDMI 19PIN to HDMI 19PIN Cable"
"TR-ACS716","NetiX Crimping Tool"
"ZA-HVC01","UniQue HDMI To VGA Adapter Cable"
"GR707M","Casey Bullnose LPG Regulator With Pressure Gauge"
"HEDROX-IN-20","iDance Hedrox-IN 20 In-Ear Stereo"
"UQ-USBTRJ45C1.8M","UniQue 1.8M USB 2.0 To RJ45 High Quality Digital Console Cable"
"UQ-DPTHDMIF-4K","UniQue  30cm Male DisplayPort To 4K Female HDTV Cable"
"KL-LA2210BL","Kleaner Microfiber Extendable Flat Mop Blue"
"KL-LA2210LG","Kleaner Microfiber Extendable Flat Mop Lime Green"
"HDMITVGA-03","UniQue HDMI Male To Female VGA With Audio Adaptor"
"MS-56W","UniQue Stereo Headphone White"
"EP118-IPH","EZRA 3.5mm To iPhone White Digital Earphones 1.2m Length"
"FT-006-LWG","Casey Ultrasonic Aroma Mini Portable Humidifier Light Wood"
"GKORGHI12SYELLOW","Geeko Siamese True Bluetooth 5.0 Wireless Earbuds Yellow"
"HDMICTVGA-AC","UniQue 0.75m HDMI Male to VGA Female Video Adapter Cable"
"QC20570MRN","Casey Classic Maroon Umbrella – Large Size"
"QC20570BLK","Casey Large Handheld Black Umbrella"
"QC20570NBL","Casey Large Navy Blue Umbrella"
"UQ-DPTDP-3M","UniQue 3M Male To Male DisplayPort Cable"
"6103301402","Varta Professional Lithium 1.5V AAA 1100mAh Battery"
"C24T12","Securnix AC/DC Voltage converter, input:16-28VAC,"
"ERSS-260GSM-20","EBox Rough Satin Photo Paper-"
"UNIQMDPTHDMI-1.8M","UniQue 1.8M Mini DisplayPort To HDMI Cable"
"CSY91924-8MM20M","Casey Ski Rope 8MM X 20M Blue And White"
"KMS030","Bennett Read Multi-Function Premium Scissors Grey"
"CAB804","PREMIUM IDE CABLE STRING LIGHT-GREEN"
"BLRP-MC64GB","Baseline 64GB MicroSDHC CL10 Memory Card"
"U116-20-64GB","Dahua U116 USB 2.0 64GB Black Flash Drive"
"U106-30-64GB","Dahua U106 64GB 3.0 USB Silver Flash Drive"
"PUZ010-4","Butterfly 48pc Transport Wooden Puzzle"
"6007749002160","Nexx Fabric 3 Pocket 33cm Pencil Bag"
"CAB806","Premium Gaming IDE String Light"
"AP09031-BK","Bone Collection Link II Mini USB Type B  Black Cable"
"RCC218","Remax RCC218 Journey Black 4.8A Fast Dual USB Car Charger"
"PL-D006","Noble Powerline Domestic 250V 5 Way Multiplug Adaptor"
"MM01-TYPEC-WHITE/SILVER","Geeko SMART+ USB Travel Charger with Type-C Port"
"6598721-478962","Rowton Basic 8 Inch Diagonal Cutting Pliers"
"6009627603926","RGS 48pc Sports Day Wooden Puzzle"
"6009635837528","Marlin Dense Permanent Markers Black 10"
"6009698061885","Marlin Dense Permanent Markers Red 10"
"6009801541556","Marlin Plastic Abacus 120 Beads Flatboard"
"PUZ010-3","Butterfly 48pc Table Mountain Wooden Puzzle"
"NV-E180HG","Geeko E-180 3hrs VHS Cassette,"
"CH511","Casey 3 Ply Disposable Face Mask with Earloop 50 Per Pack blue"
"N8IN3WCC","Netix Crimping Tool - Cut strips and crimps RJ-45"
"SOL35MMBC50MBKPM","Solarix 35mm Battery Power Cable Per Metre Black"
"NTXRJ45-CAT5-100P","NetiX RJ45 CAT5 Modular Plugs"
"MECDR222JA4701","PQI 256mb DDR2 Pc667 So"
"L44BKW","Lesco Cover Strip Blank Cover Plate – Square"
"LR20E2B/10","Philips Ultra Alkaline Battery LR20E2B 2 x Type D"
"9221032248","Digitech Dual USB & Mini USB Charger Black"
"CC20M","RG59 CCTV PRE-BUILT 20 METER"
"ST101P","REMOVABLE IDE RACK ATA-133 With KEY FAN"
"DC50-IPH","Ezra USB-A to iPhone 3A 1 Meter Fast Charging Black Braided Cable"
"DC50-TPC","Ezra USB-A to USB Type-C 3A 1 Meter Fast Charging Black Braided Cable"
"PC-6D2HBK1.8","UniQue Dedicated Dual Head Power Cable 1.8m"
"BLRP-MC16GB","Baseline 16GB MicroSDHC CL10 Memory Card"
"CAT6SBOX2","Netix CAT6 Shielded RJ45 FTP Dual Wall Box"
"6007749002115","Nexx Fabric 2 Pocket 33cm Pencil Bag"
"LR20P2B/97","Philips Power Alkaline Battery LR20P2B 2 X D Alkaline"
"Q555-25MGREY","NetiX Light Grey UTP CAT5E 5m Patch Cable"
"TH108-069","Totally Coir Heavy Duty Welcome Mat 40x70cm"
"20122","uGreen DVI-I 24+5 Male to VGA Adapter"
"LR14E2B/10","Philips Ultra Alkaline Battery LR14E2B 2 x Type C"
"5031366015457","Apex: -Teaching-you Golf Skills, Retail"
"E-120AQ","Geeko E-120AQ Blank 2 Hour VHS Format Video Cassette"
"WZUSMC25BLUE","Whizzy Blue Extra Long Micro USB Charge And Data Sync Cable"
"BE0120WHT","Whizzy Dual USB Port Car Charger"
"4903121436","Varta LR03 AAA Longlife Power Battery"
"TH108-011","Totally Coir Welcome Doormat"
"LIGEM5","Noble Pays LED 9W B22 Rechargeable Emergency LED Light Bulb"
"TH108-119","Totally Coir Welcome Doormat"
"G-C-426Y","TopJet Compatible Canon Ink CLI-426 Yellow Inkjet Cartridge"
"8161815141530","Promate White Notik iPhone 5 Protective Shell Cover"
"KDHM8012-5M","UniQue 5M 19 Pin Male To Male HDMI Cable"
"701662","Manhattan CPU Thermal Grease"
"PC-6DCIC073BK1.8","UniQue Standard Single Head Power Cable 1.8m"
"K19019","Kleaner Multi Purpose Interior Window Cleaner"
"GSG008","Kleaner Multi Purpose Household Non woven Eco friendly"
"L-100/108XLC","INK POWER LEXMARK #100/100XL/108XL CYAN"
"PC-6DCH073BK1.8","UniQue 1.8M Clover Single Head  Power Cable"
"FS-HDP4101P","Folksafe Single Channel HD Passive Video Balun"
"6009699513925","Marlin Kids Play Dough 200g Bucket"
"MS-56P","UniQue Stereo Headphone Purple"
"0161815163301","Promate Crystal Keyring Silver And Pink"
"NBL0712-2","Noble 0.7 x 30cm 12 piece Glue Sticks"
"BWDL3096-BL","DLOffice Utility Knife Blue- Comfortable"
"BWDL3096-ORN","DLOffice Utility Knife Orange"
"BWDL3096-YLW","DLOffice Utility Knife Yellow"
"FLEM9WB22W","Ellies B22 9W A60 FLEM9WB22W Rechargeable Bulb"
"6009699512249","Marlin Gel Glide Gel Ink Pens Black"
"5038581016818","Yankee Candle Jar Votives Autumn"
"PC-6ACIC073BK1.8","UniQue POWER CABLE SINGLE HEAD Black 1.8meter in Length"
"LR14P2B/97","Philips PowerLife Battery LR14P2B C Alkaline"
"328883","Manhattan Digital Video Adapter"
"EZC003","Tevo Green Camera Waterproof Safe Cover"
"EZC004","Tevo Pink Camera Waterproof Safe Cover"
"EZC005","Tevo Orange Camera Waterproof Safe Cover"
"EZC002","Tevo Yellow Camera Waterproof Safe Cover"
"EZC001","Tevo White Camera Waterproof Safe Cover"
"CSY-SJ3863-4BLU","Prescott Wet Detangling Hairbrush Blue Colour"
"CSY-SJ3863-4PNK","Prescott Wet Detangling Hairbrush Pink Colour"
"WZUSMCRBLACK","Whizzy Black Reversible Micro USB Charge And Data Sync Cable"
"KD-882","Geeko 1m 1x RCA Hi-Grade"
"KDM-E710","Geeko In Ear Stylish Wired Earphones"
"CT5026","Securnix RCA male solderless connector with boot 10PKT"
"CSY-HN01-MIX","Casey Deluxe Rubber 2 Litre Hot Water Bottle Mix Material"
"CSY-HN01-PNFL","Casey Deluxe Rubber 2 Litre Hot Water Bottle Pink Flower"
"CSY-HN01-LGAN","Casey Deluxe Rubber Hot water Bottle Green"
"CAT6WALL-LQ","LinkQnet RJ45 CAT6 Single Wall Mount Surface Box"
"342766","Manhattan SATA Power Cable"
"4008496105946","Varta Max Tech 4x AA Size Alkaline Batteries"
"453070801320R","UniQue Black 1.8m Standard Single Head Power 2 Pin Cable"
"ADA005","UniQue HDMI Male To Female 90 Degree Adaptor"
"6009608641336","Marlin Masonite Clipboards 240mm X 340mm"
"BWDL8230BK","DLOffice Student Metal 2 Hole Punch Black"
"BW-DL268","DLOffice Silver 28mm Paper Clips Plastic Tub of 100 Pieces"
"FLEM9WB22C","Ellies 9W Emergency LED Bulb B22"
"6009608647697","Marlin Large Orange handle 210mm Scissors"
"NBL-0712-3","Noble 11x200mm 6PC Silicone Glue Sticks"
"BA153","Alva Single Utility Lighter"
"6009699519200-GN","Marlin Astro Stand Up 2 Hole Sharpener Green"
"6009699515004-BL","Marlin Flexible 30cm Ruler Blue"
"6009608641251","Brainware Yellow Barrel Rubber-Tipped Pencils"
"BWDL0082BL","DLOffice Whiteboard Eraser Blue"
"FLA60RE27C","Ellies 7W A60 Residential LED E27-Cool White"
"0707460031","Nexx 5000 Pieces Staples Box"
"4712805740697","Tweety Mechanical Eraser"
"6009715640109","Varta LongLife Alkaline AAA Max Power 4 Pack Battery"
"PAUT6300","UNIQUE UTP CAT6 PATCH CORD,3M,GREY,"
"DS/2L","Sceedo Fidget Spinner Black"
"DS-3MT/3M001","Sceedo Fidget Spinner-Camouflage"
"10618","Sceedo Fidget Spinner - Red"
"HDMI-1.5M","UniQue 1.5 Metre HDMI To HDMI 19PIN Cable"
"VGAMF-1.8","UniQue 9 Pin Male to Female Serial Cable"
"10664","Sceedo Fidget Spinner -Green"
"EKOVPE47516SHR2","Emtec DVD Plus R 16x Speed 5pk Non Printable"
"5031366015440","Apex Teaching-you Electric Guitar Skills"
"5031366016232","Apex Teaching you Recorder Skills"
"5031366150035","Apex Ejay Hip Hop & Techno Double Pack"
"5031366150226","Apex Teaching you Supervisory Skills"
"5031366150271","Apex Your 3D Garden Encyclopedia"
"5031366150080","DIGI CREATE YOUR OWN GREETING CARDS SECO"
"5016488120326","Apex GSP Learn to Use Windows 7"
"5016488124164","Apex Essentials back up and protect"
"5016488109611","Apex PrintShop CD Label Creator PC"
"5031366150219","Apex Teaching you Stress Management Skills"
"5031366150264","Apex Start Writing your Novel with… New Novelist Versio"
"5031366150028","Apex 3D Globe Deluxe DVD-ROM,"
"5031366016225","Apex Teaching you Clarinet Skills"
"5016488124218","Apex Essentials - Erase your"
"5031366015792","Apex Teaching-you Feng-Shui Skills, Retail"
"5016488107419","Apex DK - Rainbow Fish"
"5016488115551","Apex GSP LEARN TO USE OUTLOOK 2007 PC"
"5016488109765","Apex PrintMaster Calendars PC"
"5016488109635","Apex Clickart Fonts 2"
"5016488113878","Apex: -Eingana-Live atlas with 3D and satellite images"
"5016488124225","Apex Essentials - File Organiser"
"5016488109246","Apex Musicalis Interactive Bass Guitar Course"
"5031366015365","Apex Teaching-you Keyboard Skills"
"5031366017994","Apex Mindscape's Brain Trainer: Think Po"
"5031366015808","Apex Teaching-you DIY Skills with Tommy Walsh"
"5031366015747","Apex Teaching you Successful Attitude Skills"
"5016488115544","Apex Gsp Learn To Use Pwrpoint 2007 PC"
"5016488115520","Apex GSP Learn to Use Word 2007 PC"
"5016488115513","Apex GSP LEARN TO USE WINDOWS VISTA"
"6009608640438","Marlin A4 File Pockets Sleeves 10's"
"7666234229490","UniQue Africa Animal2  Mouse Pad"
"7666234224372","UniQue Africa Dancer Mouse Pad"
"7666234225676","UniQue Africa Kick Mouse Pad"
"7666234232438","UniQue Ball On Fire Mouse Pad"
"7666234229636","UniQue Flag Football Mouse Pad"
"7666234230144","UniQue Player And Fire Mouse Pad"
"7666234229872","UniQue Player Header Mouse Pad"
"7666234229568","UniQue Player Outline Mouse Pad"
"7666234229940","UniQue Soccer And Fire Mouse Pad"
"7666234231448","UniQue Soccer Ball Plus Net Mouse Pad"
"7666234231134","UniQue Soccer Rocket Mouse Pad"
"7666234229704","UniQue Trophy  Mouse Pad"
"7666234225508","UniQue Zakumi Pose Mouse Pad"
"7666234226048","UniQue Africa Animal  Mouse Pad"
"CSY-FJS283-3","Casey Balloon Glue Tape Roll"
"BW-DL2232","DLOffice Standard Staples 1000 Pieces"
"DCW","DC CONNECTOR MALE"
